{
  "1": {
    "rouge1": [
      0.9655172413793104,
      0.7368421052631579,
      0.835820895522388
    ],
    "rouge2": [
      0.8604651162790697,
      0.6548672566371682,
      0.7437185929648241
    ],
    "rougeL": [
      0.7126436781609196,
      0.543859649122807,
      0.6169154228855721
    ]
  },
  "2": {
    "rouge1": [
      0.3064516129032258,
      0.4935064935064935,
      0.37810945273631835
    ],
    "rouge2": [
      0.15447154471544716,
      0.25,
      0.19095477386934673
    ],
    "rougeL": [
      0.20161290322580644,
      0.3246753246753247,
      0.2487562189054726
    ]
  },
  "3": {
    "rouge1": [
      0.45185185185185184,
      0.61,
      0.5191489361702127
    ],
    "rouge2": [
      0.3358208955223881,
      0.45454545454545453,
      0.38626609442060084
    ],
    "rougeL": [
      0.23703703703703705,
      0.32,
      0.2723404255319149
    ]
  },
  "4": {
    "rouge1": [
      1.0,
      0.4349442379182156,
      0.6062176165803109
    ],
    "rouge2": [
      1.0,
      0.43283582089552236,
      0.6041666666666666
    ],
    "rougeL": [
      1.0,
      0.4349442379182156,
      0.6062176165803109
    ]
  },
  "5": {
    "rouge1": [
      0.31343283582089554,
      0.7590361445783133,
      0.443661971830986
    ],
    "rouge2": [
      0.23,
      0.5609756097560976,
      0.32624113475177313
    ],
    "rougeL": [
      0.19402985074626866,
      0.46987951807228917,
      0.2746478873239437
    ]
  },
  "6": {
    "rouge1": [
      1.0,
      0.7556818181818182,
      0.86084142394822
    ],
    "rouge2": [
      0.9772727272727273,
      0.7371428571428571,
      0.8403908794788273
    ],
    "rougeL": [
      0.9849624060150376,
      0.7443181818181818,
      0.8478964401294499
    ]
  },
  "7": {
    "rouge1": [
      0.448,
      0.835820895522388,
      0.5833333333333334
    ],
    "rouge2": [
      0.29838709677419356,
      0.5606060606060606,
      0.38947368421052636
    ],
    "rougeL": [
      0.288,
      0.5373134328358209,
      0.37499999999999994
    ]
  },
  "8": {
    "rouge1": [
      0.25547445255474455,
      0.5737704918032787,
      0.35353535353535354
    ],
    "rouge2": [
      0.14705882352941177,
      0.3333333333333333,
      0.20408163265306123
    ],
    "rougeL": [
      0.20437956204379562,
      0.45901639344262296,
      0.2828282828282828
    ]
  },
  "9": {
    "rouge1": [
      0.4492753623188406,
      0.8051948051948052,
      0.5767441860465117
    ],
    "rouge2": [
      0.35036496350364965,
      0.631578947368421,
      0.4507042253521127
    ],
    "rougeL": [
      0.3115942028985507,
      0.5584415584415584,
      0.4
    ]
  },
  "10": {
    "rouge1": [
      0.47115384615384615,
      0.4224137931034483,
      0.4454545454545455
    ],
    "rouge2": [
      0.20388349514563106,
      0.1826086956521739,
      0.1926605504587156
    ],
    "rougeL": [
      0.33653846153846156,
      0.3017241379310345,
      0.3181818181818182
    ]
  },
  "11": {
    "rouge1": [
      0.5333333333333333,
      0.3742690058479532,
      0.43986254295532645
    ],
    "rouge2": [
      0.15126050420168066,
      0.10588235294117647,
      0.12456747404844291
    ],
    "rougeL": [
      0.2833333333333333,
      0.19883040935672514,
      0.23367697594501718
    ]
  },
  "12": {
    "rouge1": [
      0.5661764705882353,
      0.5539568345323741,
      0.56
    ],
    "rouge2": [
      0.2962962962962963,
      0.2898550724637681,
      0.29304029304029305
    ],
    "rougeL": [
      0.3088235294117647,
      0.302158273381295,
      0.3054545454545455
    ]
  },
  "13": {
    "rouge1": [
      0.457286432160804,
      0.35546875,
      0.39999999999999997
    ],
    "rouge2": [
      0.12626262626262627,
      0.09803921568627451,
      0.11037527593818984
    ],
    "rougeL": [
      0.23115577889447236,
      0.1796875,
      0.20219780219780217
    ]
  },
  "14": {
    "rouge1": [
      0.677570093457944,
      0.4289940828402367,
      0.5253623188405797
    ],
    "rouge2": [
      0.3380281690140845,
      0.21364985163204747,
      0.2618181818181818
    ],
    "rougeL": [
      0.29439252336448596,
      0.1863905325443787,
      0.22826086956521738
    ]
  },
  "15": {
    "rouge1": [
      0.5365853658536586,
      0.1456953642384106,
      0.22916666666666666
    ],
    "rouge2": [
      0.08196721311475409,
      0.022123893805309734,
      0.03484320557491289
    ],
    "rougeL": [
      0.2845528455284553,
      0.0772626931567329,
      0.12152777777777779
    ]
  },
  "16": {
    "rouge1": [
      0.32167832167832167,
      0.6301369863013698,
      0.42592592592592593
    ],
    "rouge2": [
      0.24647887323943662,
      0.4861111111111111,
      0.3271028037383178
    ],
    "rougeL": [
      0.25874125874125875,
      0.5068493150684932,
      0.34259259259259256
    ]
  },
  "17": {
    "rouge1": [
      1.0,
      1.0,
      1.0
    ],
    "rouge2": [
      1.0,
      1.0,
      1.0
    ],
    "rougeL": [
      1.0,
      1.0,
      1.0
    ]
  },
  "18": {
    "rouge1": [
      0.47863247863247865,
      0.5714285714285714,
      0.5209302325581394
    ],
    "rouge2": [
      0.29310344827586204,
      0.35051546391752575,
      0.3192488262910798
    ],
    "rougeL": [
      0.28205128205128205,
      0.336734693877551,
      0.30697674418604654
    ]
  },
  "19": {
    "rouge1": [
      0.6159420289855072,
      0.25757575757575757,
      0.36324786324786323
    ],
    "rouge2": [
      0.18248175182481752,
      0.07598784194528875,
      0.1072961373390558
    ],
    "rougeL": [
      0.2898550724637681,
      0.12121212121212122,
      0.17094017094017094
    ]
  },
  "20": {
    "rouge1": [
      0.6595744680851063,
      0.21678321678321677,
      0.3263157894736842
    ],
    "rouge2": [
      0.16428571428571428,
      0.053738317757009345,
      0.08098591549295775
    ],
    "rougeL": [
      0.2978723404255319,
      0.0979020979020979,
      0.14736842105263157
    ]
  }
}